-- phpMyAdmin SQL Dump
-- version 4.2.11
-- http://www.phpmyadmin.net
--
-- Host: 127.0.0.1
-- Generation Time: May 20, 2017 at 07:06 PM
-- Server version: 5.6.21
-- PHP Version: 5.6.3

SET SQL_MODE = "NO_AUTO_VALUE_ON_ZERO";
SET time_zone = "+00:00";


/*!40101 SET @OLD_CHARACTER_SET_CLIENT=@@CHARACTER_SET_CLIENT */;
/*!40101 SET @OLD_CHARACTER_SET_RESULTS=@@CHARACTER_SET_RESULTS */;
/*!40101 SET @OLD_COLLATION_CONNECTION=@@COLLATION_CONNECTION */;
/*!40101 SET NAMES utf8 */;

--
-- Database: `masterproject`
--

-- --------------------------------------------------------

--
-- Table structure for table `armed`
--

CREATE TABLE IF NOT EXISTS `armed` (
  `id` int(11) NOT NULL DEFAULT '0',
  `name` varchar(255) DEFAULT NULL
) ENGINE=InnoDB DEFAULT CHARSET=utf32;

--
-- Dumping data for table `armed`
--

INSERT INTO `armed` (`id`, `name`) VALUES
(0, 'ללא נשק\r\n'),
(1, 'אקדח רשותי\r\n'),
(2, 'אקדח אישי\r\n'),
(3, 'נשק ארוך ואקדח רשותי\r\n'),
(4, 'נשק ארוך רשותי\r\n'),
(5, 'נשק ארוך אישי\r\n');

-- --------------------------------------------------------

--
-- Table structure for table `auth_assignment`
--

CREATE TABLE IF NOT EXISTS `auth_assignment` (
  `item_name` varchar(64) COLLATE utf8_unicode_ci NOT NULL,
  `user_id` varchar(64) COLLATE utf8_unicode_ci NOT NULL,
  `created_at` int(11) DEFAULT NULL
) ENGINE=InnoDB DEFAULT CHARSET=utf8 COLLATE=utf8_unicode_ci;

--
-- Dumping data for table `auth_assignment`
--

INSERT INTO `auth_assignment` (`item_name`, `user_id`, `created_at`) VALUES
('מנהל מערכת', '0', 1491206162),
('מנהל מערכת', '112299002', 1489734303),
('מנהל מערכת', '203548746', 1488471050),
('מנהל מערכת', '222995244', 1494877218),
('מנהל מערכת', '300972973', NULL),
('מנהל מערכת', '300972974', 1494877014),
('מנהל מערכת', '305421968', 1489592114),
('עובד', '305241788', 1488473888),
('עובד', '5555555', 1491209824),
('ראש צוות', '283665218', 1489598312),
('ראש צוות', '56222323', 1488472672);

-- --------------------------------------------------------

--
-- Table structure for table `auth_item`
--

CREATE TABLE IF NOT EXISTS `auth_item` (
  `name` varchar(64) COLLATE utf8_unicode_ci NOT NULL,
  `type` int(11) NOT NULL,
  `description` text COLLATE utf8_unicode_ci,
  `rule_name` varchar(64) COLLATE utf8_unicode_ci DEFAULT NULL,
  `data` text COLLATE utf8_unicode_ci,
  `created_at` int(11) DEFAULT NULL,
  `updated_at` int(11) DEFAULT NULL
) ENGINE=InnoDB DEFAULT CHARSET=utf8 COLLATE=utf8_unicode_ci;

--
-- Dumping data for table `auth_item`
--

INSERT INTO `auth_item` (`name`, `type`, `description`, `rule_name`, `data`, `created_at`, `updated_at`) VALUES
('createBuroc', 2, 'Admin can create new buroc', NULL, NULL, 1477479905, 1477479905),
('createEmployee', 2, 'Admin can create new employee', NULL, NULL, 1477479905, 1477479905),
('createInvitations', 2, 'Admin can create new invitation', NULL, NULL, 1477479905, 1477479905),
('createProject', 2, 'Team leader can create project', NULL, NULL, 1477479867, 1477479867),
('createRevenues', 2, 'Admin can create new revenue', NULL, NULL, 1477479906, 1477479906),
('createSubscribers', 2, 'Admin can create new subscriber', NULL, NULL, 1477479906, 1477479906),
('createSummary', 2, 'Team leader can create new summary', NULL, NULL, 1477479867, 1477479867),
('createSuppliers', 2, 'Admin can create new supplier', NULL, NULL, 1477479905, 1477479905),
('createUser', 2, 'Admin can create new user', NULL, NULL, 1477479904, 1477479904),
('createVisitors', 2, 'Admin can create new visitor', NULL, NULL, 1477479906, 1477479906),
('deleteBuroc', 2, 'Admin can delete  buroc', NULL, NULL, 1477479905, 1477479905),
('deleteEmployee', 2, 'Admin can delete  employee', NULL, NULL, 1477479905, 1477479905),
('deleteInvitations', 2, 'Admin can delete  invitation', NULL, NULL, 1477479906, 1477479906),
('deleteRevenues', 2, 'Admin can delete  revenue', NULL, NULL, 1477479906, 1477479906),
('deleteSubscribers', 2, 'Admin can delete  subscriber', NULL, NULL, 1477479906, 1477479906),
('deleteSummary', 2, 'Admin can delete  summary', NULL, NULL, 1477479905, 1477479905),
('deleteSuppliers', 2, 'Admin can delete  supplier', NULL, NULL, 1477479905, 1477479905),
('deleteUser', 2, 'Admin can delete users', NULL, NULL, 1477479905, 1477479905),
('deleteVisitors', 2, 'Admin can delete  visitor', NULL, NULL, 1477479906, 1477479906),
('indexBuroc', 2, 'Admin can view all burocs', NULL, NULL, 1477479905, 1477479905),
('indexEmployee', 2, 'Index employee', NULL, NULL, 1477479815, 1477479815),
('indexInvitations', 2, 'Admin can view all invitations', NULL, NULL, 1477479905, 1477479905),
('indexOwnSchedual', 2, 'employee and team leader can index own schedual', NULL, NULL, NULL, NULL),
('indexProject', 2, 'Index Project', NULL, NULL, 1477479815, 1477479815),
('indexRevenues', 2, 'Admin can view all revenues', NULL, NULL, 1477479906, 1477479906),
('indexSubscribers', 2, 'Admin can view all subscribers', NULL, NULL, 1477479906, 1477479906),
('indexSummary', 2, 'Index summary', NULL, NULL, 1477479815, 1477479815),
('indexSuppliers', 2, 'Admin can view all suppliers', NULL, NULL, 1477479905, 1477479905),
('indexUser', 2, 'Admin can view all users', NULL, NULL, 1477479905, 1477479905),
('indexVisitors', 2, 'Admin can view all visitors', NULL, NULL, 1477479906, 1477479906),
('updateBuroc', 2, 'Admin can update  buroc', NULL, NULL, 1477479905, 1477479905),
('updateEmployee', 2, 'Admin can update  employee', NULL, NULL, 1477479905, 1477479905),
('updateInvitations', 2, 'Admin can update  invitation', NULL, NULL, 1477479905, 1477479905),
('updateOwnPassword', 2, 'Every user can update his/her own password', NULL, NULL, 1477479815, 1477479815),
('updateOwnProject', 2, 'Team leader can update his only project', NULL, NULL, 1477479867, 1477479867),
('updateOwnSummary', 2, 'Team leader can update his only summary', NULL, NULL, 1477479867, 1477479867),
('updateOwnUser', 2, 'Every user can update his/her own profile ', NULL, NULL, 1477479815, 1477479815),
('updatePassword', 2, 'Admin can update password for all users', NULL, NULL, 1477479905, 1477479905),
('updateProject', 2, 'Team leader can update project', NULL, NULL, 1477479867, 1477479867),
('updateRevenues', 2, 'Admin can update  revenue', NULL, NULL, 1477479906, 1477479906),
('updateSubscribers', 2, 'Admin can update  subscriber', NULL, NULL, 1477479906, 1477479906),
('updateSummary', 2, 'Team leader can update summary', NULL, NULL, 1477479867, 1477479867),
('updateSuppliers', 2, 'Admin can update  supplier', NULL, NULL, 1477479905, 1477479905),
('updateUser', 2, 'Admin can update all users', NULL, NULL, 1477479905, 1477479905),
('updateVisitors', 2, 'Admin can update  visitor', NULL, NULL, 1477479906, 1477479906),
('viewBuroc', 2, 'Admin can view each buroc', NULL, NULL, 1477479905, 1477479905),
('viewEmployee', 2, 'Admin can view each  employee', NULL, NULL, 1477479905, 1477479905),
('viewInvitations', 2, 'Admin can view each invitation', NULL, NULL, 1477479905, 1477479905),
('viewOwnEmployee', 2, 'Every employee can view his/her own profile ', NULL, NULL, 1477479815, 1477479815),
('viewOwnUser', 2, 'Every user can view his/her own profile ', NULL, NULL, 1477479815, 1477479815),
('viewProject', 2, 'View Project', NULL, NULL, 1477479815, 1477479815),
('viewRevenues', 2, 'Admin can view each revenue', NULL, NULL, 1477479906, 1477479906),
('viewSubscribers', 2, 'Admin can view each subscriber', NULL, NULL, 1477479906, 1477479906),
('viewSummary', 2, 'View summary', NULL, NULL, 1477479815, 1477479815),
('viewSuppliers', 2, 'Admin can view each supplier', NULL, NULL, 1477479905, 1477479905),
('viewUser', 2, 'Admin can view each user', NULL, NULL, 1477479905, 1477479905),
('viewVisitors', 2, 'Admin can view each visitor', NULL, NULL, 1477479906, 1477479906),
('מנהל מערכת', 1, NULL, NULL, NULL, 1477479728, 1477479728),
('עובד', 1, NULL, NULL, NULL, 1477479728, 1477479728),
('ראש צוות', 1, NULL, NULL, NULL, 1477479728, 1477479728);

-- --------------------------------------------------------

--
-- Table structure for table `auth_item_child`
--

CREATE TABLE IF NOT EXISTS `auth_item_child` (
  `parent` varchar(64) COLLATE utf8_unicode_ci NOT NULL,
  `child` varchar(64) COLLATE utf8_unicode_ci NOT NULL
) ENGINE=InnoDB DEFAULT CHARSET=utf8 COLLATE=utf8_unicode_ci;

--
-- Dumping data for table `auth_item_child`
--

INSERT INTO `auth_item_child` (`parent`, `child`) VALUES
('מנהל מערכת', 'createBuroc'),
('מנהל מערכת', 'createEmployee'),
('מנהל מערכת', 'createInvitations'),
('ראש צוות', 'createProject'),
('מנהל מערכת', 'createRevenues'),
('מנהל מערכת', 'createSubscribers'),
('ראש צוות', 'createSummary'),
('מנהל מערכת', 'createSuppliers'),
('מנהל מערכת', 'createUser'),
('מנהל מערכת', 'createVisitors'),
('מנהל מערכת', 'deleteBuroc'),
('מנהל מערכת', 'deleteEmployee'),
('מנהל מערכת', 'deleteInvitations'),
('מנהל מערכת', 'deleteRevenues'),
('מנהל מערכת', 'deleteSubscribers'),
('מנהל מערכת', 'deleteSummary'),
('מנהל מערכת', 'deleteSuppliers'),
('מנהל מערכת', 'deleteUser'),
('מנהל מערכת', 'deleteVisitors'),
('מנהל מערכת', 'indexBuroc'),
('עובד', 'indexEmployee'),
('מנהל מערכת', 'indexInvitations'),
('עובד', 'indexProject'),
('מנהל מערכת', 'indexRevenues'),
('מנהל מערכת', 'indexSubscribers'),
('עובד', 'indexSummary'),
('מנהל מערכת', 'indexSuppliers'),
('מנהל מערכת', 'indexUser'),
('מנהל מערכת', 'indexVisitors'),
('מנהל מערכת', 'updateBuroc'),
('מנהל מערכת', 'updateEmployee'),
('מנהל מערכת', 'updateInvitations'),
('עובד', 'updateOwnPassword'),
('ראש צוות', 'updateOwnProject'),
('ראש צוות', 'updateOwnSummary'),
('עובד', 'updateOwnUser'),
('מנהל מערכת', 'updatePassword'),
('ראש צוות', 'updateProject'),
('מנהל מערכת', 'updateRevenues'),
('מנהל מערכת', 'updateSubscribers'),
('ראש צוות', 'updateSummary'),
('מנהל מערכת', 'updateSuppliers'),
('מנהל מערכת', 'updateUser'),
('מנהל מערכת', 'updateVisitors'),
('מנהל מערכת', 'viewBuroc'),
('מנהל מערכת', 'viewEmployee'),
('מנהל מערכת', 'viewInvitations'),
('עובד', 'viewOwnEmployee'),
('עובד', 'viewOwnUser'),
('עובד', 'viewProject'),
('מנהל מערכת', 'viewRevenues'),
('מנהל מערכת', 'viewSubscribers'),
('עובד', 'viewSummary'),
('מנהל מערכת', 'viewSuppliers'),
('מנהל מערכת', 'viewUser'),
('מנהל מערכת', 'viewVisitors'),
('ראש צוות', 'עובד'),
('מנהל מערכת', 'ראש צוות');

-- --------------------------------------------------------

--
-- Table structure for table `auth_rule`
--

CREATE TABLE IF NOT EXISTS `auth_rule` (
  `name` varchar(64) COLLATE utf8_unicode_ci NOT NULL,
  `data` text COLLATE utf8_unicode_ci,
  `created_at` int(11) DEFAULT NULL,
  `updated_at` int(11) DEFAULT NULL
) ENGINE=InnoDB DEFAULT CHARSET=utf8 COLLATE=utf8_unicode_ci;

-- --------------------------------------------------------

--
-- Table structure for table `bstatus`
--

CREATE TABLE IF NOT EXISTS `bstatus` (
  `id` int(255) NOT NULL,
  `name` varchar(255) NOT NULL
) ENGINE=InnoDB DEFAULT CHARSET=utf8;

--
-- Dumping data for table `bstatus`
--

INSERT INTO `bstatus` (`id`, `name`) VALUES
(0, 'ממתין להתחלת טיפול'),
(1, 'בטיפול'),
(2, 'ממתין לאישור'),
(3, 'בהשהיה'),
(4, 'טופל');

-- --------------------------------------------------------

--
-- Table structure for table `buroc`
--

CREATE TABLE IF NOT EXISTS `buroc` (
  `subject` varchar(100) NOT NULL,
  `treatment` varchar(255) NOT NULL,
  `bstatus` int(100) NOT NULL,
  `DueDate` varchar(200) NOT NULL,
  `creatDate` timestamp NOT NULL DEFAULT CURRENT_TIMESTAMP,
  `notes` varchar(255) NOT NULL
) ENGINE=InnoDB DEFAULT CHARSET=utf8mb4;

--
-- Dumping data for table `buroc`
--

INSERT INTO `buroc` (`subject`, `treatment`, `bstatus`, `DueDate`, `creatDate`, `notes`) VALUES
('בדיקת ימי מחלה לעובדים ומה תקרת הצבירה שיוכלו לצבור למשך השנה', 'להתקשר לאילנה ולברר אתה את הנושא ולהעביר מייל מסודר עם תשובתה לכלל העובדים', 4, '30/11/2016', '2016-11-15 10:39:45', 'הנושא עלה לאחר שאלות רבות מצד מספר עובדים שונים'),
('הוצאת עובדים לקורס פקחים', 'להתקשר לאמיר ולירון', 0, '2016-10-11', '2016-10-09 09:52:31', 'חשוב  מאוד'),
('חפיפת עובד ללימודי סגירת חודש', 'לקבוע עם חנניה זמנים שהוא והעובד יכולים', 1, '2016-10-26', '2016-10-09 10:15:05', 'לוודא עם חנניה שזה קורה בדיקת עדכון'),
('להוציא לקורס קופאים', 'להודיע לאמיר, לסגור תאריך', 3, '2016-10-27', '2016-10-18 20:29:39', 'חייב להתבצע בדחיפות'),
('לקדם את מכירת המנויים', 'בקשת תקציב מההנהלה', 1, '17/11/2016', '2016-11-06 22:02:38', 'חייב להתבצע');

-- --------------------------------------------------------

--
-- Table structure for table `emails`
--

CREATE TABLE IF NOT EXISTS `emails` (
`id` int(11) NOT NULL,
  `receiver_name` varchar(50) NOT NULL,
  `receiver_email` varchar(200) NOT NULL,
  `subject` varchar(255) NOT NULL,
  `content` text NOT NULL,
  `attachment` varchar(255) DEFAULT NULL
) ENGINE=InnoDB AUTO_INCREMENT=23 DEFAULT CHARSET=utf8;

--
-- Dumping data for table `emails`
--

INSERT INTO `emails` (`id`, `receiver_name`, `receiver_email`, `subject`, `content`, `attachment`) VALUES
(9, 'ליעד', 'eliraz680@gmail.com', 'ממשק חדש של המערכת לשליחת מיילים דרך השרת שלנו', 'מה שלומך? איך מרגישה? הכל טוב?\r\nתראי איזה יופי המערכת שלך יודעת לשלוח מיילים דרך האתר על חשבון שיצרתי בשרת שלנו.\r\nמגניב?\r\nלא אהבת? באסה.. באמת שניסיתי.\r\nחחח סתם זה מגניב ועובד יאללה תתחדשי שבת שלום.', NULL),
(10, 'liad', 'liadnj@gmail.com', 'העברת קובץ', '1', 'attachments/1482002661.sql'),
(11, 'liad', 'eliraz680@gmail.com', 'בדיקת שליחת קובץ במייל דרך המערכת', 'בדיקה', 'attachments/1482002780.pptx'),
(12, 'liad', 'liadnj@gmail.com', 'liadnj@gmail.com', 'fdf', NULL),
(13, 'liad', 'liadnj@gmail.com', 'הדגמה לשירן', 'הדגמה לשירן', 'attachments/1482009661.pptx'),
(14, 'liad', 'liadnj@gmail.com', 'liadnj@gmail.com', 'ffff', NULL),
(15, 'liad', 'liadnj@gmail.com', 'test2', 'שבוע טוב', NULL),
(16, 'liad', 'avivlevi231@gmail.com', 'fgdfg', 'dgdfh', NULL),
(17, 'liad', 'liadnj@gmail.com', 'liadnj@gmail.com', 'vbczf', NULL),
(18, 'liad', 'liadnj@gmail.com', 'liadnj@gmail.com', 'cgbcxgjkgjh', NULL),
(19, 'liad', 'liadnj@gmail.com', 'liadnj@gmail.com', 'dthfthfyhj', NULL),
(20, 'liad', 'liadnj@gmail.com', 'liadnj@gmail.com', 'test', 'attachments/1493623928.sql'),
(21, 'liad', 'liozr@npa.org.il', 'srgsdrg', 'drgsdtg', NULL),
(22, 'liad', 'liadnj@gmail.com', 'liadnj@gmail.com', 'hjghjcghjg', 'attachments/1495020652.png');

-- --------------------------------------------------------

--
-- Table structure for table `employees`
--

CREATE TABLE IF NOT EXISTS `employees` (
  `id` int(255) NOT NULL,
  `first_name` varchar(255) NOT NULL,
  `last_name` varchar(255) NOT NULL,
  `cellphone` varchar(255) NOT NULL,
  `adress` varchar(255) NOT NULL,
  `role` int(11) NOT NULL,
  `armed` int(11) NOT NULL,
  `Percent_of_jobs` int(11) NOT NULL,
  `image` varchar(255) DEFAULT NULL,
  `email` varchar(100) NOT NULL,
  `color` varchar(255) NOT NULL,
  `created_at` int(11) NOT NULL,
  `updated_at` int(11) NOT NULL,
  `created_by` int(11) NOT NULL,
  `updated_by` int(11) NOT NULL,
  `files` varchar(255) NOT NULL
) ENGINE=InnoDB DEFAULT CHARSET=utf8;

--
-- Dumping data for table `employees`
--

INSERT INTO `employees` (`id`, `first_name`, `last_name`, `cellphone`, `adress`, `role`, `armed`, `Percent_of_jobs`, `image`, `email`, `color`, `created_at`, `updated_at`, `created_by`, `updated_by`, `files`) VALUES
(5555555, 'adi', 'adi', '05554544', 'fffsssgdg', 2, 0, 3, 'employee_5555555.png', 'liadn@npa.org.il', '#ea9999', 1491206137, 1494875360, 300972973, 300972973, ''),
(28366518, 'אבי', 'אברהם', '04-8746696', 'רח'' הנרקיס 6, פתח תקוה', 1, 3, 3, 'employee_28366518.png', 'lioz22222r@npa.org.il', '#c9daf8', 1478716055, 1495035889, 112299002, 300972973, ''),
(56222323, 'ינון', 'ניזרי', '0546669992', 'רח'' קרית יובל 28, ירושלים', 4, 1, 2, 'uploads/ינון.docx', 'yinon@yimon.com', '#d1def3', 1478539933, 1487707232, 255, 300972973, ''),
(112299002, 'רם', 'בלאסן', '0549888110', 'רח'' עין כרם 56, ירושלים', 4, 3, 2, 'uploads/רם.png', 'ram@gm2ail.com', '#00ffff', 1478421704, 1494747682, 255, 300972973, ''),
(203548746, 'אמרה', 'סלהו', '0546888899', 'רח'' הירקן 26, מעלה אדומים ', 3, 5, 3, 'uploads/אמרה.png', 'amare@amre.com', '#ff00ff', 1478421400, 1487330167, 255, 300972973, ''),
(222995244, 'מעיין ', 'אוחיון', '02-9685742', 'רח'' המורדים 112, ירושלים', 5, 1, 0, 'uploads/מעיין .png', 'mayan@gm2ail.com', '#dd6a6a', 1478439185, 1494747698, 255, 300972973, ''),
(252741963, 'בנימין', 'נתניהו', '02-9685237', 'רח'' המונולוג 9, ראשון לציון', 1, 3, 2, 'uploads/בנימין.jpg', 'nati@gma2il.com', '#d9d9d9', 1478785418, 1494747714, 112299002, 300972973, ''),
(300972973, 'ליעד', 'ניזרי', '546220232', 'רח'' גבריהו חיים 7/1, ירושלים', 0, 0, 0, 'uploads/ליעד.sql', 'liadnj@gmail.com', '#d9ead3', 1478716055, 1487707205, 112299002, 300972973, ''),
(300972974, 'אלירז', 'שמעון', '0524863254', 'רח'' אפרסמון, ירושלים', 0, 0, 0, 'employee_300972974.png', 'vhgunvfhh@dgf.com', '#9ce6a8', 1477647441, 1495020010, 255, 300972973, ''),
(305241788, 'יהודה', 'יששכר', '02-6585741', 'רח'' הפסגה 18, ירושלים', 3, 2, 2, 'uploads/יהודה.jpg', 'yhoh@g2mail.com', '#fff2cc', 1478594215, 1494747743, 300972973, 300972973, ''),
(305421968, 'מיכאל', 'מיכאל', '02-9685743', 'רח'' יהודה הנשיא, ירושלים', 4, 0, 0, 'employee_305421968.docx', 'eliraz6780@gmail.com', '#00ffff', 1478530046, 1495285023, 255, 300972973, ''),
(693852741, 'אלעד', 'מזרחי', '029685741', 'רח'' המכבים, ירושלים', 3, 1, 0, 'uploads/אלעד.jpg', 'elad@gm3ail.com', '#f1c232', 1480842642, 1494747784, 112299002, 300972973, '');

-- --------------------------------------------------------

--
-- Table structure for table `events`
--

CREATE TABLE IF NOT EXISTS `events` (
  `id` varchar(100) NOT NULL,
  `employees` varchar(255) NOT NULL,
  `projects` varchar(255) NOT NULL,
  `holyday` varchar(255) NOT NULL,
  `month` varchar(255) NOT NULL,
  `description` varchar(255) NOT NULL,
  `created_date` date NOT NULL,
  `team_leader` varchar(255) NOT NULL,
  `cashier` varchar(300) NOT NULL
) ENGINE=InnoDB DEFAULT CHARSET=utf8;

--
-- Dumping data for table `events`
--

INSERT INTO `events` (`id`, `employees`, `projects`, `holyday`, `month`, `description`, `created_date`, `team_leader`, `cashier`) VALUES
('2016-09-01,300972973', '300972973', '', '', 'ספטמבר 2016', '', '2016-09-01', 'ליעד ניזרי', '300972973'),
('2016-09-02,300972973', '300972973', '', '', 'ספטמבר 2016', '', '2016-09-02', 'ליעד ניזרי', '300972973'),
('2016-09-03,300972973', '300972973', '', '', 'ספטמבר 2016', '', '2016-09-03', 'ליעד ניזרי', '300972973'),
('2016-09-04,300972973', '300972973', '', '', 'ספטמבר 2016', '', '2016-09-04', 'ליעד ניזרי', '300972973'),
('2016-09-05,300972973', '300972973', '', '', 'ספטמבר 2016', '', '2016-09-05', 'ליעד ניזרי', '300972973'),
('2016-09-06,300972973', '300972973', '', '', 'ספטמבר 2016', '', '2016-09-06', 'ליעד ניזרי', '300972973'),
('2016-09-08,300972973', '300972973', '', '', 'ספטמבר 2016', '', '2016-09-08', 'ליעד ניזרי', '300972973'),
('2016-09-09,300972973', '300972973', '', '', 'ספטמבר 2016', '', '2016-09-09', 'ליעד ניזרי', '300972973'),
('2016-09-10,300972973', '300972973', '', '', 'ספטמבר 2016', '', '2016-09-10', 'ליעד ניזרי', '300972973'),
('2016-09-11,300972973', '300972973', '', '', 'ספטמבר 2016', '', '2016-09-11', 'ליעד ניזרי', '300972973'),
('2016-09-12,300972973', '300972973', '', '', 'ספטמבר 2016', '', '2016-09-12', 'ליעד ניזרי', '300972973'),
('2016-09-13,300972973', '300972973', '', '', 'ספטמבר 2016', '', '2016-09-13', 'ליעד ניזרי', '300972973'),
('2016-09-15,300972973', '300972973', '', '', 'ספטמבר 2016', '', '2016-09-15', 'ליעד ניזרי', '300972973'),
('2016-10-01,300972973', '300972973', '', '', 'אוקטובר 2016', '', '2016-10-01', 'ליעד ניזרי', '300972973'),
('2016-10-02,300972973', '300972973', '', '', 'אוקטובר 2016', '', '2016-10-02', 'ליעד ניזרי', '300972973'),
('2016-10-03,300972973', '300972973', '', '', 'אוקטובר 2016', '', '2016-10-03', 'ליעד ניזרי', '300972973'),
('2016-10-04,300972973', '300972973', '', '', 'אוקטובר 2016', '', '2016-10-04', 'ליעד ניזרי', '300972973'),
('2016-10-05,300972973', '300972973', '', '', 'אוקטובר 2016', '', '2016-10-05', 'ליעד ניזרי', '300972973'),
('2016-10-06,300972973', '300972973', '', '', 'אוקטובר 2016', '', '2016-10-06', 'ליעד ניזרי', '300972973'),
('2016-10-08,300972973', '300972973', '', '', 'אוקטובר 2016', '', '2016-10-08', 'ליעד ניזרי', '300972973'),
('2016-10-09,300972973', '300972973', '', '', 'אוקטובר 2016', '', '2016-10-09', 'ליעד ניזרי', '300972973'),
('2016-10-10,300972973', '300972973', '', '', 'אוקטובר 2016', '', '2016-10-10', 'ליעד ניזרי', '300972973'),
('2016-10-11,300972973', '300972973', '', '', 'אוקטובר 2016', '', '2016-10-11', 'ליעד ניזרי', '300972973'),
('2016-10-12,300972973', '300972973', '', '', 'אוקטובר 2016', '', '2016-10-12', 'ליעד ניזרי', '300972973'),
('2016-10-13,300972973', '300972973', '', '', 'אוקטובר 2016', '', '2016-10-13', 'ליעד ניזרי', '300972973'),
('2016-10-15,300972973', '300972973', '', '', 'אוקטובר 2016', '', '2016-10-15', 'ליעד ניזרי', '300972973'),
('2016-11-01,300972973', '300972973', '', '', 'נובמבר 2016', '', '2016-11-01', 'ליעד ניזרי', '300972973'),
('2016-11-02,300972973', '300972973', '', '', 'נובמבר 2016', '', '2016-11-02', 'ליעד ניזרי', '300972973'),
('2016-11-03,300972973', '300972973', '', '', 'נובמבר 2016', '', '2016-11-03', 'ליעד ניזרי', '300972973'),
('2016-11-04,300972973', '300972973', '', '', 'נובמבר 2016', '', '2016-11-04', 'ליעד ניזרי', '300972973'),
('2016-11-05,300972973', '300972973', '', '', 'נובמבר 2016', '', '2016-11-05', 'ליעד ניזרי', '300972973'),
('2016-11-06,300972973', '300972973', '', '', 'נובמבר 2016', '', '2016-11-06', 'ליעד ניזרי', '300972973'),
('2016-11-09,300972973', '300972973', '', '', 'נובמבר 2016', '', '2016-11-09', 'ליעד ניזרי', '300972973'),
('2016-11-10,300972973', '300972973', '', '', 'נובמבר 2016', '', '2016-11-10', 'ליעד ניזרי', '300972973'),
('2016-11-11,300972973', '300972973', '', '', 'נובמבר 2016', '', '2016-11-11', 'ליעד ניזרי', '300972973'),
('2016-11-12,300972973', '300972973', '', '', 'נובמבר 2016', '', '2016-11-12', 'ליעד ניזרי', '300972973'),
('2016-11-13,300972973', '300972973', '', '', 'נובמבר 2016', '', '2016-11-13', 'ליעד ניזרי', '300972973'),
('2016-11-16,300972973', '300972973', '', '', 'נובמבר 2016', '', '2016-11-16', 'ליעד ניזרי', '300972973'),
('2016-11-19,300972973', '300972973', '', '', 'נובמבר 2016', '', '2016-11-19', 'ליעד ניזרי', '300972973'),
('2016-12-01,300972973', '300972973', '', '', 'דצמבר 2016', '', '2016-12-01', 'ליעד ניזרי', '300972973'),
('2016-12-02,300972973', '300972973', '', '', 'דצמבר 2016', '', '2016-12-02', 'ליעד ניזרי', '300972973'),
('2016-12-03,300972973', '300972973', '', '', 'דצמבר 2016', '', '2016-12-03', 'ליעד ניזרי', '300972973'),
('2016-12-04,300972973', '300972973', '', '', 'דצמבר 2016', '', '2016-12-04', 'ליעד ניזרי', '300972973'),
('2016-12-05,300972973', '300972973', '', '', 'דצמבר 2016', '', '2016-12-05', 'ליעד ניזרי', '300972973'),
('2016-12-06,300972973', '300972973', '', '', 'דצמבר 2016', '', '2016-12-06', 'ליעד ניזרי', '300972973'),
('2016-12-08,300972973', '300972973', '', '', 'דצמבר 2016', '', '2016-12-08', 'ליעד ניזרי', '300972973'),
('2016-12-09,300972973', '300972973', '', '', 'דצמבר 2016', '', '2016-12-09', 'ליעד ניזרי', '300972973'),
('2016-12-10,300972973', '300972973', '', '', 'דצמבר 2016', '', '2016-12-10', 'ליעד ניזרי', '300972973'),
('2016-12-11,300972973', '300972973', '', '', 'דצמבר 2016', '', '2016-12-11', 'ליעד ניזרי', '300972973'),
('2016-12-12,300972973', '300972973', '', '', 'דצמבר 2016', '', '2016-12-12', 'ליעד ניזרי', '300972973'),
('2016-12-14,300972973', '300972973', '', '', 'דצמבר 2016', '', '2016-12-14', 'ליעד ניזרי', '300972973'),
('2016-12-15,300972973', '300972973', '', '', 'דצמבר 2016', '', '2016-12-15', 'ליעד ניזרי', '300972973'),
('2017-01-01,300972973', '300972973', '', '', 'ינואר 2017', '', '2017-01-01', 'ליעד ניזרי', '300972973'),
('2017-01-02,300972973', '300972973', '', '', 'ינואר 2017', '', '2017-01-02', 'ליעד ניזרי', '300972973'),
('2017-01-04,300972973', '300972973', '', '', 'ינואר 2017', '', '2017-01-04', 'ליעד ניזרי', '300972973'),
('2017-01-05,300972973', '300972973', '', '', 'ינואר 2017', '', '2017-01-05', 'ליעד ניזרי', '300972973'),
('2017-01-06,300972973', '300972973', '', '', 'ינואר 2017', '', '2017-01-06', 'ליעד ניזרי', '300972973'),
('2017-01-07,300972973', '300972973', '', '', 'ינואר 2017', '', '2017-01-07', 'ליעד ניזרי', '300972973'),
('2017-01-08,300972973', '300972973', '', '', 'ינואר 2017', '', '2017-01-08', 'ליעד ניזרי', '300972973'),
('2017-01-09,300972973', '300972973', '', '', 'ינואר 2017', '', '2017-01-09', 'ליעד ניזרי', '300972973'),
('2017-01-11,300972973', '300972973', '', '', 'ינואר 2017', '', '2017-01-11', 'ליעד ניזרי', '300972973'),
('2017-01-12,300972973', '300972973', '', '', 'ינואר 2017', '', '2017-01-12', 'ליעד ניזרי', '300972973'),
('2017-01-13,300972973', '300972973', '', '', 'ינואר 2017', '', '2017-01-13', 'ליעד ניזרי', '300972973'),
('2017-01-14,300972973', '300972973', '', '', 'ינואר 2017', '', '2017-01-14', 'ליעד ניזרי', '300972973'),
('2017-01-15,300972973', '300972973', '', '', 'ינואר 2017', '', '2017-01-15', 'ליעד ניזרי', '300972973'),
('2017-02-01,300972973', '300972973', '', '', 'פברואר 2017', '', '2017-02-01', 'ליעד ניזרי', '300972973'),
('2017-02-02,300972973', '300972973', '', '', 'פברואר 2017', '', '2017-02-02', 'ליעד ניזרי', '300972973'),
('2017-02-03,300972973', '300972973', '', '', 'פברואר 2017', '', '2017-02-03', 'ליעד ניזרי', '300972973'),
('2017-02-04,300972973', '300972973', '', '', 'פברואר 2017', '', '2017-02-04', 'ליעד ניזרי', '300972973'),
('2017-02-05,300972973', '300972973', '', '', 'פברואר 2017', '', '2017-02-05', 'ליעד ניזרי', '300972973'),
('2017-02-06,300972973', '300972973', '', '', 'פברואר 2017', '', '2017-02-06', 'ליעד ניזרי', '300972973'),
('2017-02-08,300972973', '300972973', '', '', 'פברואר 2017', '', '2017-02-08', 'ליעד ניזרי', '300972973'),
('2017-02-09,300972973', '300972973', '', '', 'פברואר 2017', '', '2017-02-09', 'ליעד ניזרי', '300972973'),
('2017-02-10,300972973', '300972973', '', '', 'פברואר 2017', '', '2017-02-10', 'ליעד ניזרי', '300972973'),
('2017-02-11,300972973', '300972973', '', '', 'פברואר 2017', '', '2017-02-11', 'ליעד ניזרי', '300972973'),
('2017-02-12,300972973', '300972973', '', '', 'פברואר 2017', '', '2017-02-12', 'ליעד ניזרי', '300972973'),
('2017-02-13,300972973', '300972973', '', '', 'פברואר 2017', '', '2017-02-13', 'ליעד ניזרי', '300972973'),
('2017-03-01,300972973', '300972973', '', '', 'מרץ 2017', '', '2017-03-01', 'ליעד ניזרי', '300972973'),
('2017-03-02,300972973', '300972973', '', '', 'מרץ 2017', '', '2017-03-02', 'ליעד ניזרי', '300972973'),
('2017-03-03,300972973', '300972973', '', '', 'מרץ 2017', '', '2017-03-03', 'ליעד ניזרי', '300972973'),
('2017-03-04,300972973', '300972973', '', '', 'מרץ 2017', '', '2017-03-04', 'ליעד ניזרי', '300972973'),
('2017-03-05,300972973', '300972973', '', '', 'מרץ 2017', '', '2017-03-05', 'ליעד ניזרי', '300972973'),
('2017-03-06,300972973', '300972973', '', '', 'מרץ 2017', '', '2017-03-06', 'ליעד ניזרי', '300972973'),
('2017-03-08,300972973', '300972973', '', '', 'מרץ 2017', '', '2017-03-08', 'ליעד ניזרי', '300972973'),
('2017-03-09,300972973', '300972973', '', '', 'מרץ 2017', '', '2017-03-09', 'ליעד ניזרי', '300972973'),
('2017-03-10,300972973', '300972973', '', '', 'מרץ 2017', '', '2017-03-10', 'ליעד ניזרי', '300972973'),
('2017-03-11,300972973', '300972973', '', '', 'מרץ 2017', '', '2017-03-11', 'ליעד ניזרי', '300972973'),
('2017-03-12,300972973', '300972973', '', '', 'מרץ 2017', '', '2017-03-12', 'ליעד ניזרי', '300972973'),
('2017-03-14,300972973', '300972973', '', '', 'מרץ 2017', '', '2017-03-14', 'ליעד ניזרי', '300972973'),
('2017-03-18,300972973', '300972973', '', '', 'מרץ 2017', '', '2017-03-18', 'ליעד ניזרי', '300972973'),
('2017-04-01,300972973', '300972973', '', '', 'אפריל 2017', '', '2017-04-01', 'ליעד ניזרי', '300972973'),
('2017-04-02,300972973', '300972973', '', '', 'אפריל 2017', '', '2017-04-02', 'ליעד ניזרי', '300972973'),
('2017-04-03,300972973', '300972973', '', '', 'אפריל 2017', '', '2017-04-03', 'ליעד ניזרי', '300972973'),
('2017-04-04,300972973', '300972973', '', '', 'אפריל 2017', '', '2017-04-04', 'ליעד ניזרי', '300972973'),
('2017-04-05,300972973', '300972973', '', '', 'אפריל 2017', '', '2017-04-05', 'ליעד ניזרי', '300972973'),
('2017-04-07,300972973', '300972973', '', '', 'אפריל 2017', '', '2017-04-07', 'ליעד ניזרי', '300972973'),
('2017-04-08,300972973', '300972973', '', '', 'אפריל 2017', '', '2017-04-08', 'ליעד ניזרי', '300972973'),
('2017-04-09,300972973', '300972973', '', '', 'אפריל 2017', '', '2017-04-09', 'ליעד ניזרי', '300972973'),
('2017-04-10,300972973', '300972973', '', '', 'אפריל 2017', '', '2017-04-10', 'ליעד ניזרי', '300972973'),
('2017-04-11,300972973', '300972973', '', '', 'אפריל 2017', '', '2017-04-11', 'ליעד ניזרי', '300972973'),
('2017-04-12,300972973', '300972973', '', '', 'אפריל 2017', '', '2017-04-12', 'ליעד ניזרי', '300972973'),
('2017-04-14,300972973', '300972973', '', '', 'אפריל 2017', '', '2017-04-14', 'ליעד ניזרי', '300972973'),
('2017-04-22,300972973', '300972973', '', '', 'אפריל 2017', '', '2017-04-22', 'ליעד ניזרי', '300972973'),
('2017-05-01,112299002', '112299002', '', '', 'מאי 2017', '', '2017-05-01', 'רם בלאסן', '5555555, 300972974'),
('2017-05-01,300972974', '300972974', '', '', 'מאי 2017', '', '2017-05-01', 'רם בלאסן', '5555555, 300972974'),
('2017-05-01,5555555', '5555555', '', '', 'מאי 2017', '', '2017-05-01', 'רם בלאסן', '5555555, 300972974'),
('2017-05-02,112299002', '112299002', '', '', 'מאי 2017', '', '2017-05-02', 'אבי אברהם', '28366518, 56222323'),
('2017-05-02,203548746 T', '203548746 T', '', '', 'מאי 2017', '', '2017-05-02', 'אבי אברהם', '28366518, 56222323'),
('2017-05-02,252741963', '252741963', '', '', 'מאי 2017', '', '2017-05-02', 'אבי אברהם', '28366518, 56222323'),
('2017-05-02,28366518', '28366518', '', '', 'מאי 2017', '', '2017-05-02', 'אבי אברהם', '28366518, 56222323'),
('2017-05-02,300972973', '300972973', '', '', 'מאי 2017', '', '2017-05-02', 'אבי אברהם', '28366518, 56222323'),
('2017-05-02,300972974', '300972974', '', '', 'מאי 2017', '', '2017-05-02', 'אבי אברהם', '28366518, 56222323'),
('2017-05-02,305421968', '305421968', '', '', 'מאי 2017', '', '2017-05-02', 'אבי אברהם', '28366518, 56222323'),
('2017-05-02,5555555', '5555555', '', '', 'מאי 2017', '', '2017-05-02', 'אבי אברהם', '28366518, 56222323'),
('2017-05-02,56222323', '56222323', '', '', 'מאי 2017', '', '2017-05-02', 'אבי אברהם', '28366518, 56222323'),
('2017-05-02,693852741', '693852741', '', '', 'מאי 2017', '', '2017-05-02', 'אבי אברהם', '28366518, 56222323'),
('2017-05-03,112299002', '112299002', '', '', 'מאי 2017', '', '2017-05-03', 'אבי אברהם', '28366518, 252741963'),
('2017-05-03,203548746', '203548746', '', '', 'מאי 2017', '', '2017-05-03', 'אבי אברהם', '28366518, 252741963'),
('2017-05-03,203548746 T', '203548746 T', '', '', 'מאי 2017', '', '2017-05-03', 'אבי אברהם', '28366518, 252741963'),
('2017-05-03,300972974', '300972974', '', '', 'מאי 2017', '', '2017-05-03', 'אבי אברהם', '28366518, 252741963'),
('2017-05-03,305421968', '305421968', '', '', 'מאי 2017', '', '2017-05-03', 'אבי אברהם', '28366518, 252741963'),
('2017-05-03,5555555', '5555555', '', '', 'מאי 2017', '', '2017-05-03', 'אבי אברהם', '28366518, 252741963'),
('2017-05-03,5555555 H', '5555555 H', '', '', 'מאי 2017', '', '2017-05-03', 'אבי אברהם', '28366518, 252741963'),
('2017-05-04,300972974', '300972974', '', '', 'מאי 2017', '', '2017-05-04', 'אלירז שמעון', '305421968'),
('2017-05-04,305421968', '305421968', '', '', 'מאי 2017', '', '2017-05-04', 'אלירז שמעון', '305421968'),
('2017-05-04,5555555', '5555555', '', '', 'מאי 2017', '', '2017-05-04', 'אלירז שמעון', '305421968'),
('2017-05-04,56222323 T', '56222323 T', '', '', 'מאי 2017', '', '2017-05-04', 'אלירז שמעון', '305421968'),
('2017-05-07,300972973', '300972973', '', '', 'מאי 2017', '', '2017-05-07', 'ליעד ניזרי', '300972973'),
('2017-05-08,300972973', '300972973', '', '', 'מאי 2017', '', '2017-05-08', 'ליעד ניזרי', '300972973'),
('2017-05-09,300972973', '300972973', '', '', 'מאי 2017', '', '2017-05-09', 'ליעד ניזרי', '300972973'),
('2017-05-10,300972973', '300972973', '', '', 'מאי 2017', '', '2017-05-10', 'ליעד ניזרי', '300972973'),
('2017-05-11,300972973', '300972973', '', '', 'מאי 2017', '', '2017-05-11', 'ליעד ניזרי', '300972973'),
('2017-05-12,300972973', '300972973', '', '', 'מאי 2017', '', '2017-05-12', 'ליעד ניזרי', '300972973'),
('2017-05-14,300972973', '300972973', '', '', 'מאי 2017', '', '2017-05-14', 'ליעד ניזרי', '300972973'),
('2017-05-15,300972973', '300972973', '', '', 'מאי 2017', '', '2017-05-15', 'ליעד ניזרי', '300972973'),
('2017-05-17,300972973', '300972973', '', '', 'מאי 2017', '', '2017-05-17', 'ליעד ניזרי', '300972973'),
('2017-05-18,300972973', '300972973', '', '', 'מאי 2017', '', '2017-05-18', 'ליעד ניזרי', '300972973'),
('2017-05-21,300972973', '300972973', '', '', 'מאי 2017', '', '2017-05-21', 'ליעד ניזרי', '300972973');

-- --------------------------------------------------------

--
-- Table structure for table `flag`
--

CREATE TABLE IF NOT EXISTS `flag` (
`id` int(11) NOT NULL,
  `eid` int(11) NOT NULL,
  `month` varchar(255) NOT NULL,
  `flag` varchar(11) NOT NULL
) ENGINE=InnoDB DEFAULT CHARSET=utf8;

-- --------------------------------------------------------

--
-- Table structure for table `image_manager`
--

CREATE TABLE IF NOT EXISTS `image_manager` (
`id` int(100) NOT NULL,
  `name` varchar(255) NOT NULL,
  `item_id` int(11) NOT NULL
) ENGINE=InnoDB AUTO_INCREMENT=8 DEFAULT CHARSET=utf8;

--
-- Dumping data for table `image_manager`
--

INSERT INTO `image_manager` (`id`, `name`, `item_id`) VALUES
(1, 'attachment_number_ZK0W93.png', 5555555),
(2, 'attachment_number_Iz90AV.pdf', 28366518),
(3, 'attachment_number_KUbNRQ.pdf', 28366518),
(4, 'test', 28366518),
(5, 'test', 28366518),
(6, 'test1', 28366518),
(7, 'test1.pdf', 28366518);

-- --------------------------------------------------------

--
-- Table structure for table `invitations`
--

CREATE TABLE IF NOT EXISTS `invitations` (
  `item_name` varchar(200) NOT NULL,
  `supplier_name` varchar(100) NOT NULL,
  `open_date` timestamp NOT NULL DEFAULT CURRENT_TIMESTAMP ON UPDATE CURRENT_TIMESTAMP,
  `due_date` varchar(100) NOT NULL,
  `quantity_order` int(200) NOT NULL,
  `approval_status` enum('מאושר','לא מאושר') NOT NULL,
  `order_status` enum('סופק','לא סופק') NOT NULL,
  `notes` varchar(200) NOT NULL
) ENGINE=InnoDB DEFAULT CHARSET=utf8;

--
-- Dumping data for table `invitations`
--

INSERT INTO `invitations` (`item_name`, `supplier_name`, `open_date`, `due_date`, `quantity_order`, `approval_status`, `order_status`, `notes`) VALUES
('טאבלט למנויים', 'אודי כלים', '2016-11-06 19:04:50', '12/11/2016', 5, 'מאושר', 'סופק', ''),
('מברגת אימפקט', 'אודי כלים', '2016-11-10 13:49:41', '12/11/2016', 6, 'לא מאושר', 'סופק', ''),
('מברגת אימפקט', 'ביובית "פעיל" שירותי ביוב', '2016-11-09 08:12:45', '24/11/2016', 1, 'לא מאושר', 'לא סופק', 'her'),
('מברגת אימפקט', 'עמנואל שלם', '2016-11-07 17:34:32', '30/11/2016', 2, 'מאושר', 'לא סופק', 'לרכוש של חברת makita'),
('מלגזה', 'מחסן חנויות רשותי', '2016-11-06 19:06:06', '18/11/2016', 1, 'מאושר', 'סופק', ''),
('עטים', 'קרביץ', '2016-11-06 18:19:24', '19/11/2016', 100, 'לא מאושר', 'לא סופק', '');

-- --------------------------------------------------------

--
-- Table structure for table `item`
--

CREATE TABLE IF NOT EXISTS `item` (
  `item_name` varchar(200) NOT NULL,
  `quantity_in_stock` int(100) NOT NULL,
  `price_each` int(255) NOT NULL
) ENGINE=InnoDB DEFAULT CHARSET=utf8;

--
-- Dumping data for table `item`
--

INSERT INTO `item` (`item_name`, `quantity_in_stock`, `price_each`) VALUES
('טאבלט למנויים', 1, 2550),
('מברגת אימפקט', 2, 200),
('מלגזה', 2, 70000),
('עטים', 100, 3);

-- --------------------------------------------------------

--
-- Table structure for table `messages`
--

CREATE TABLE IF NOT EXISTS `messages` (
`id` int(11) NOT NULL,
  `title` varchar(255) CHARACTER SET utf8 NOT NULL,
  `description` varchar(1000) CHARACTER SET utf8 NOT NULL,
  `created_date` timestamp NULL DEFAULT CURRENT_TIMESTAMP,
  `author` varchar(100) CHARACTER SET utf8 NOT NULL
) ENGINE=InnoDB AUTO_INCREMENT=5 DEFAULT CHARSET=latin1;

--
-- Dumping data for table `messages`
--

INSERT INTO `messages` (`id`, `title`, `description`, `created_date`, `author`) VALUES
(2, 'איחורים', 'מי שמאחר יותר מ10 דקות שיעשה פרסה ולא יבוא לעבודה', '2016-12-15 12:50:12', 'ליעד'),
(3, 'cgh', 'fhft', '2016-12-16 08:10:31', 'cghb'),
(4, 'xssf', 'dfgdfg', '2016-12-16 08:28:15', 'admin');

-- --------------------------------------------------------

--
-- Table structure for table `migration`
--

CREATE TABLE IF NOT EXISTS `migration` (
  `version` varchar(180) NOT NULL,
  `apply_time` int(11) DEFAULT NULL
) ENGINE=InnoDB DEFAULT CHARSET=utf8;

--
-- Dumping data for table `migration`
--

INSERT INTO `migration` (`version`, `apply_time`) VALUES
('m000000_000000_base', 1476869722),
('m140506_102106_rbac_init', 1476986097);

-- --------------------------------------------------------

--
-- Table structure for table `percent_of_jobs`
--

CREATE TABLE IF NOT EXISTS `percent_of_jobs` (
  `id` int(11) NOT NULL,
  `name` varchar(255) NOT NULL
) ENGINE=InnoDB DEFAULT CHARSET=utf8;

--
-- Dumping data for table `percent_of_jobs`
--

INSERT INTO `percent_of_jobs` (`id`, `name`) VALUES
(0, ' 40%'),
(2, ' 70%'),
(3, '100%');

-- --------------------------------------------------------

--
-- Table structure for table `projects`
--

CREATE TABLE IF NOT EXISTS `projects` (
`id` int(10) NOT NULL,
  `define_project` varchar(255) NOT NULL,
  `team_leader` varchar(255) NOT NULL,
  `employee` varchar(255) NOT NULL,
  `location` varchar(255) NOT NULL,
  `start` timestamp NOT NULL DEFAULT CURRENT_TIMESTAMP,
  `due_date` varchar(255) NOT NULL,
  `notes` varchar(255) NOT NULL,
  `description_project` varchar(255) NOT NULL
) ENGINE=InnoDB AUTO_INCREMENT=20 DEFAULT CHARSET=utf8;

--
-- Dumping data for table `projects`
--

INSERT INTO `projects` (`id`, `define_project`, `team_leader`, `employee`, `location`, `start`, `due_date`, `notes`, `description_project`) VALUES
(19, 'gdfgdg', '28366518', ' 5555555, 28366518, 56222323, 112299002, 203548746, 222995244, 252741963, 300972973, 300972974, 305241788, 305421968, 693852741', 'vxcvx', '2017-05-15 19:22:54', '18/05/2017', 'cvxcvxcv', 'dgdgcgbdg');

-- --------------------------------------------------------

--
-- Table structure for table `revenues`
--

CREATE TABLE IF NOT EXISTS `revenues` (
  `date` varchar(100) NOT NULL,
  `day` varchar(255) DEFAULT NULL,
  `cash_desk_784` int(255) NOT NULL,
  `cash_desk_782` int(255) NOT NULL,
  `store` int(255) NOT NULL
) ENGINE=InnoDB DEFAULT CHARSET=utf8mb4;

--
-- Dumping data for table `revenues`
--

INSERT INTO `revenues` (`date`, `day`, `cash_desk_784`, `cash_desk_782`, `store`) VALUES
('2012-01-01', 'ראשון', 3854, 4521, 13052),
('2012-02-01', 'רביעי', 9374, 3333, 5520),
('2012-03-01', 'חמישי', 5632, 4521, 570),
('2012-04-01', 'שני', 478, 362, 4000),
('2012-05-01', 'שלישי', 3524, 2541, 500),
('2012-06-01', 'שישי', 3341, 2564, 300),
('2012-07-01', 'ראשון', 2412, 2000, 300),
('2012-08-01', 'ראשון', 3524, 2569, 2361),
('2012-09-01', 'שבת', 2712, 2541, 360),
('2012-10-01', 'שני', 1256, 9635, 2145),
('2012-11-01', 'חמישי', 3654, 3652, 6856),
('2012-12-01', 'שבת', 3624, 9638, 102),
('2013-01-01', 'ראשון', 3547, 2564, 203),
('2013-02-01', 'שני', 3541, 695, 2364),
('2013-03-01', 'שני', 2785, 2365, 365),
('2013-04-01', 'שלישי', 1589, 251, 3694),
('2013-05-01', 'שני', 3985, 695, 5211),
('2013-06-01', 'שבת', 5745, 3652, 8547),
('2013-07-01', 'שני', 3685, 6985, 1244),
('2013-08-01', 'ראשון', 2785, 2541, 635),
('2013-09-01', 'ראשון', 3652, 254, 632),
('2013-10-01', 'ראשון', 6352, 521, 854),
('2013-11-01', 'רביעי', 8521, 201, 100),
('2013-12-01', 'ראשון', 4185, 213, 352),
('2014-01-01', 'שלישי', 6354, 254, 362),
('2014-02-01', 'ראשון', 4178, 365, 412),
('2014-03-01', 'שני', 6389, 65, 63),
('2014-04-01', 'רביעי', 6387, 632, 521),
('2014-05-01', 'רביעי', 9638, 21, 365),
('2014-06-01', 'שלישי', 6385, 63, 254),
('2014-07-01', 'רביעי', 9638, 251, 362),
('2014-08-01', 'רביעי', 1423, 6544, 213),
('2014-09-01', 'שלישי', 3654, 213, 365),
('2014-10-01', 'רביעי', 6352, 362, 542),
('2014-11-01', 'רביעי', 4521, 354, 987),
('2014-12-01', 'שלישי', 5241, 213, 365),
('2015-01-01', 'חמישי', 797, 365, 987),
('2015-01-02', 'שלישי', 607, 354, 700),
('2015-01-03', 'שבת', 1949, 41, 177),
('2015-01-04', 'רביעי', 58, 2541, 3652),
('2015-01-05', 'רביעי', 146, 2634, 200),
('2015-01-06', 'שלישי', 982, 2541, 310),
('2015-01-07', 'שלישי', 116, 9541, 26),
('2015-01-08', 'שלישי', 261, 2541, 3521),
('2015-02-01', 'ראשון', 7854, 25, 254),
('2015-03-01', 'שלישי', 6589, 3521, 21),
('2015-04-01', 'ראשון', 5412, 2541, 3652),
('2015-05-01', 'שני', 6352, 2511, 6568),
('2015-06-01', 'ראשון', 3214, 3652, 22),
('2015-07-01', 'שלישי', 4152, 241, 3522),
('2015-08-01', 'שבת', 7485, 355, 9856),
('2015-09-01', 'שלישי', 7486, 254, 365),
('2015-10-01', 'חמישי', 9658, 365, 254),
('2015-11-01', 'שלישי', 5412, 254, 365),
('2015-12-01', 'שלישי', 6352, 222, 22),
('2016-01-01', 'שלישי', 2587, 225, 355),
('2016-02-01', 'שלישי', 6385, 74, 245),
('2016-03-01', 'שני', 9874, 22, 524),
('2016-04-01', 'שני', 1236, 36, 666),
('2016-05-01', 'שלישי', 5632, 222, 6352),
('2016-06-01', 'רביעי', 6374, 222, 352),
('2016-07-01', 'שישי', 6541, 22, 369),
('2016-08-01', 'שלישי', 6398, 22, 355),
('2016-09-01', 'חמישי', 8569, 214, 6532),
('2016-11-16', 'רביעי', 541, 875, 60),
('2016/10/12', 'שלישי', 2544, 635, 632),
('2016/12/01', 'שני', 6987, 236, 541),
('2017/1/03', 'שלישי', 6426, 365, 854),
('2017/10/11', 'שני', 6352, 235, 32),
('2017/11/03', 'שלישי', 6395, 522, 74),
('2017/11/24', 'שני', 3698, 2147, 213),
('2017/12/09', 'שני', 6985, 632, 3215),
('2017/12/27', 'שלישי', 6321, 5421, 85),
('2017/12/28', 'רביעי', 3638, 325, 85),
('2017/2/08', 'רביעי', 2365, 36, 98),
('2017/2/17', 'ראשון', 6352, 85, 96),
('2017/3/03', 'ראשון', 5632, 65, 89),
('2017/3/08', 'שלישי', 652, 235, 14),
('2017/4/14', 'חמישי', 6985, 35, 14),
('2017/4/20', 'שני', 963, 254, 23),
('2017/5/12', 'שני', 6352, 412, 85),
('2017/5/18', 'ראשון', 632, 235, 98),
('2017/6/15', 'שלישי', 9688, 32, 23),
('2017/6/17', 'ראשון', 69, 855, 21),
('2017/7/06', 'שני', 2938, 32, 51),
('2017/7/12', 'שלישי', 2638, 52, 47),
('2017/8/19', 'חמישי', 9635, 325, 875),
('2017/8/20', 'שלישי', 2541, 5231, 87),
('2017/9/01', 'שלישי', 9685, 325, 411);

-- --------------------------------------------------------

--
-- Table structure for table `role`
--

CREATE TABLE IF NOT EXISTS `role` (
  `id` int(255) NOT NULL,
  `name` varchar(255) NOT NULL
) ENGINE=InnoDB DEFAULT CHARSET=utf8;

--
-- Dumping data for table `role`
--

INSERT INTO `role` (`id`, `name`) VALUES
(0, 'ראש צוות - פקח - נשק'),
(1, 'ראש צוות - פקח'),
(2, 'ראש צוות'),
(3, 'פקח'),
(4, 'עובד - קופאי'),
(5, 'עובד'),
(6, 'שומר לילה');

-- --------------------------------------------------------

--
-- Table structure for table `schedual`
--

CREATE TABLE IF NOT EXISTS `schedual` (
  `month` varchar(100) CHARACTER SET utf8 NOT NULL,
  `employeesName` varchar(255) CHARACTER SET utf8 NOT NULL,
  `days` varchar(1000) CHARACTER SET utf8 NOT NULL,
`id` int(100) NOT NULL,
  `employeeId` int(100) NOT NULL
) ENGINE=InnoDB AUTO_INCREMENT=66 DEFAULT CHARSET=latin1;

--
-- Dumping data for table `schedual`
--

INSERT INTO `schedual` (`month`, `employeesName`, `days`, `id`, `employeeId`) VALUES
('מרץ 2017', 'liad', '14/03/2017,08/03/2017,12/03/2017,22/03/2017,06/03/2017,23/03/2017,31/03/2017', 46, 300972973),
('מרץ 2017', 'liad1', '16/03/2017,21/03/2017,12/03/2017,14/03/2017,24/03/2017,07/03/2017,10/03/2017', 47, 305421968),
('מרץ 2017', 'test', '15/03/2017,19/03/2017,21/03/2017,23/03/2017,13/03/2017,17/03/2017', 50, 56222323),
('מרץ 2017', 'ram', '01/03/2017,02/03/2017,03/03/2017,04/03/2017,05/03/2017,06/03/2017,07/03/2017,08/03/2017,09/03/2017,10/03/2017,11/03/2017,12/03/2017,13/03/2017,14/03/2017,15/03/2017,16/03/2017,17/03/2017,18/03/2017,19/03/2017,20/03/2017,21/03/2017,22/03/2017,23/03/2017,24', 51, 112299002),
('אפריל 2017', 'ram', '01/04/2017,08/04/2017,07/04/2017,06/04/2017,05/04/2017,04/04/2017,03/04/2017,02/04/2017,15/04/2017,14/04/2017,13/04/2017,18/04/2017,12/04/2017,11/04/2017,10/04/2017,09/04/2017,22/04/2017,21/04/2017,20/04/2017,19/04/2017,17/04/2017,16/04/2017,29/04/2017,28', 52, 112299002),
('אפריל 2017', 'test', '01/04/2017,08/04/2017,07/04/2017,06/04/2017,05/04/2017,04/04/2017,03/04/2017,02/04/2017,15/04/2017,14/04/2017,13/04/2017,12/04/2017,11/04/2017,10/04/2017,09/04/2017,22/04/2017,21/04/2017,20/04/2017,19/04/2017,17/04/2017,18/04/2017,16/04/2017,29/04/2017,28', 53, 56222323),
('אפריל 2017', 'amare', '01/04/2017,02/04/2017,03/04/2017,04/04/2017,05/04/2017,06/04/2017,07/04/2017,08/04/2017,09/04/2017,10/04/2017,11/04/2017,12/04/2017,13/04/2017,14/04/2017,15/04/2017,16/04/2017,17/04/2017,18/04/2017,19/04/2017,20/04/2017,21/04/2017,22/04/2017,23/04/2017,24', 54, 203548746),
('אפריל 2017', 'adi', '01/04/2017,08/04/2017,07/04/2017,06/04/2017,05/04/2017,04/04/2017,03/04/2017,02/04/2017,09/04/2017,10/04/2017,11/04/2017,12/04/2017,13/04/2017,14/04/2017,15/04/2017,22/04/2017,21/04/2017,20/04/2017,19/04/2017,18/04/2017,17/04/2017,16/04/2017,23/04/2017,24/04/2017,25/04/2017,26/04/2017,27/04/2017,28/04/2017,29/04/2017,30/04/2017', 58, 5555555),
('אפריל 2017', 'liad', '01/04/2017,02/04/2017,03/04/2017,04/04/2017,05/04/2017,06/04/2017,07/04/2017,08/04/2017,15/04/2017,14/04/2017,13/04/2017,12/04/2017,11/04/2017,10/04/2017,09/04/2017,22/04/2017,21/04/2017,20/04/2017,19/04/2017,18/04/2017,17/04/2017,16/04/2017,29/04/2017,28/04/2017,27/04/2017,26/04/2017,25/04/2017,24/04/2017,23/04/2017,30/04/2017', 59, 300972973),
('מאי 2017', 'liad', '09/05/2017', 60, 300972973),
('מאי 2017', 'liad2', '31/05/2017,30/05/2017,29/05/2017,28/05/2017,21/05/2017,23/05/2017,22/05/2017,27/05/2017,26/05/2017,25/05/2017,24/05/2017,16/05/2017,15/05/2017,14/05/2017,17/05/2017,18/05/2017,19/05/2017,20/05/2017,08/05/2017,07/05/2017,09/05/2017,11/05/2017,10/05/2017,12/05/2017,13/05/2017,06/05/2017,05/05/2017,04/05/2017,03/05/2017,02/05/2017,01/05/2017', 61, 283665218),
('מאי 2017', 'adi', '01/05/2017,02/05/2017,03/05/2017,04/05/2017,05/05/2017,06/05/2017,07/05/2017,08/05/2017,09/05/2017,10/05/2017,11/05/2017,12/05/2017,13/05/2017,14/05/2017,15/05/2017,16/05/2017,17/05/2017,18/05/2017,19/05/2017,20/05/2017,27/05/2017,26/05/2017,25/05/2017,24/05/2017,22/05/2017,23/05/2017,21/05/2017,28/05/2017,29/05/2017,30/05/2017,31/05/2017', 62, 5555555),
('מאי 2017', 'ram', '01/05/2017,02/05/2017,03/05/2017,04/05/2017,05/05/2017,06/05/2017,07/05/2017,08/05/2017,09/05/2017,10/05/2017,11/05/2017,12/05/2017,13/05/2017,14/05/2017,15/05/2017,16/05/2017,17/05/2017,18/05/2017,19/05/2017,20/05/2017,21/05/2017,22/05/2017,23/05/2017,24/05/2017,25/05/2017,26/05/2017,27/05/2017,28/05/2017,29/05/2017,30/05/2017,31/05/2017', 63, 112299002),
('מאי 2017', 'eli', '01/05/2017,02/05/2017,03/05/2017,04/05/2017,05/05/2017,06/05/2017,07/05/2017,08/05/2017,09/05/2017,10/05/2017,11/05/2017,12/05/2017,13/05/2017,14/05/2017,17/05/2017,18/05/2017,19/05/2017,20/05/2017,21/05/2017,22/05/2017,15/05/2017,16/05/2017,23/05/2017,24/05/2017,25/05/2017,26/05/2017,27/05/2017,28/05/2017,29/05/2017,30/05/2017,31/05/2017', 64, 300972974),
('מאי 2017', 'liad', '07/05/2017,08/05/2017,09/05/2017,10/05/2017,11/05/2017,12/05/2017,13/05/2017', 65, 300972973);

-- --------------------------------------------------------

--
-- Table structure for table `sms`
--

CREATE TABLE IF NOT EXISTS `sms` (
`id` int(100) NOT NULL,
  `phonenum` varchar(255) NOT NULL,
  `smssubject` varchar(255) NOT NULL,
  `smsmes` varchar(255) NOT NULL
) ENGINE=InnoDB AUTO_INCREMENT=2 DEFAULT CHARSET=utf8;

--
-- Dumping data for table `sms`
--

INSERT INTO `sms` (`id`, `phonenum`, `smssubject`, `smsmes`) VALUES
(1, '434', '4456', '46346');

-- --------------------------------------------------------

--
-- Table structure for table `subscribers`
--

CREATE TABLE IF NOT EXISTS `subscribers` (
  `date` date NOT NULL,
  `day` varchar(255) NOT NULL,
  `cash_desk_784` int(255) NOT NULL,
  `cash_desk_782` int(255) NOT NULL,
  `store` int(255) NOT NULL
) ENGINE=InnoDB DEFAULT CHARSET=utf8mb4;

--
-- Dumping data for table `subscribers`
--

INSERT INTO `subscribers` (`date`, `day`, `cash_desk_784`, `cash_desk_782`, `store`) VALUES
('2012-01-01', 'א', 30, 30, 10),
('2012-02-01', 'ד', 60, 5, 4),
('2012-03-01', 'ה', 40, 50, 5),
('2012-04-01', 'א', 100, 40, 5),
('2012-05-01', 'ג', 100, 80, 2),
('2012-06-01', 'ו', 200, 10, 5),
('2012-07-01', 'א', 200, 50, 2),
('2012-08-01', 'ד', 200, 60, 5),
('2012-09-01', 'ש', 200, 30, 3),
('2012-10-01', 'ב', 100, 80, 3),
('2012-11-01', 'ה', 100, 30, 9),
('2012-12-01', 'ש', 40, 50, 6),
('2013-01-01', 'ש', 1, 0, 1),
('2013-02-01', 'ג', 4, 2, 2),
('2013-03-01', 'ג', 25, 25, 7),
('2013-04-01', 'ה', 50, 50, 13),
('2013-05-01', 'ו', 50, 50, 70),
('2013-06-01', 'ב', 200, 10, 10),
('2013-07-01', 'ש', 200, 40, 8),
('2013-08-01', 'ב', 200, 40, 1),
('2013-09-01', 'ד', 199, 2, 1),
('2013-10-01', 'א', 100, 40, 1),
('2013-11-01', 'ג', 40, 40, 6),
('2013-12-01', 'ו', 10, 10, 5),
('2014-01-01', 'ד', 4, 4, 1),
('2014-02-01', 'ש', 2, 2, 2),
('2014-03-01', 'ש', 20, 10, 5),
('2014-04-01', 'ג', 40, 40, 8),
('2014-05-01', 'ה', 100, 30, 5),
('2014-06-01', 'א', 100, 69, 1),
('2014-07-01', 'ג', 100, 80, 6),
('2014-08-01', 'ג', 100, 70, 9),
('2014-09-01', 'ב', 100, 40, 3),
('2014-10-01', 'ד', 30, 30, 30),
('2014-11-01', 'ש', 10, 20, 9),
('2014-12-01', 'ב', 5, 3, 2),
('2015-01-01', 'ה', 10, 10, 19),
('2015-02-01', '6', 20, 20, 2),
('2015-03-01', 'ש', 20, 30, 7),
('2015-04-01', 'א', 40, 40, 5),
('2015-05-01', 'ב', 100, 10, 9),
('2015-06-01', 'ג', 100, 50, 2),
('2015-07-01', 'ד', 100, 69, 1),
('2015-08-01', 'ה', 100, 60, 6),
('2015-09-01', 'א', 100, 40, 2),
('2015-10-01', 'א', 100, 2, 1),
('2015-11-01', 'ד', 30, 30, 6),
('2015-12-01', 'ו', 20, 20, 8),
('2016-01-01', 'ו', 20, 9, 1),
('2016-02-01', 'ב', 5, 5, 10),
('2016-03-01', 'ג', 20, 3, 2),
('2016-04-01', 'ו', 30, 5, 30),
('2016-05-01', 'א', 40, 40, 5),
('2016-06-01', 'ד', 100, 20, 2),
('2016-07-01', 'ו', 100, 20, 30),
('2016-08-01', 'ב', 100, 30, 6),
('2016-09-01', 'ה', 100, 20, 3),
('2016-10-01', 'ה', 20, 20, 20);

-- --------------------------------------------------------

--
-- Table structure for table `summaryday`
--

CREATE TABLE IF NOT EXISTS `summaryday` (
  `date` varchar(255) NOT NULL,
  `israels` int(255) DEFAULT NULL,
  `tourist` int(255) DEFAULT NULL,
  `matmon` int(255) DEFAULT NULL,
  `events` varchar(255) DEFAULT NULL,
  `notes` varchar(255) DEFAULT NULL
) ENGINE=InnoDB DEFAULT CHARSET=utf8;

--
-- Dumping data for table `summaryday`
--

INSERT INTO `summaryday` (`date`, `israels`, `tourist`, `matmon`, `events`, `notes`) VALUES
('01/11/2016', 91, 5, 100, 'ללא', ''),
('01/12/2016', 33, 46, 99, 'ללא', ''),
('02/11/2016', 33, 55, 56, 'ללא', '\r\n'),
('06/12/2016', 52, 63, 54, 'ללא', ''),
('10/11/2016', 720, 65, 9, 'ללא', '\r\n\r\n\r\nghkhk\r\n\r\n\r\n\r\nhkfh'),
('30/11/2016', 100, 100, 12, 'ללא ארועים מיוחדים', 'בעיהי');

-- --------------------------------------------------------

--
-- Table structure for table `suppliers`
--

CREATE TABLE IF NOT EXISTS `suppliers` (
  `supplier_name` varchar(100) NOT NULL,
  `phoneNum` varchar(255) NOT NULL,
  `address` varchar(255) NOT NULL,
  `contact` varchar(255) NOT NULL,
  `contactPhone` varchar(255) DEFAULT NULL,
  `category` varchar(255) NOT NULL,
  `notes` varchar(255) NOT NULL
) ENGINE=InnoDB DEFAULT CHARSET=utf8;

--
-- Dumping data for table `suppliers`
--

INSERT INTO `suppliers` (`supplier_name`, `phoneNum`, `address`, `contact`, `contactPhone`, `category`, `notes`) VALUES
('אודי כלים', '02-6985417', 'רח'' החבצלת 29', 'נחמה', '03-9685741', 'כלי עבודה', ''),
('אלמוג לבנין', '0524713525', 'רח'' בית הדפוס, ירושלים', 'אלמוג', '0583264152', 'בניין', ''),
('אסם שיווק', '0528749652', 'רח'' הנרקיס 3, ירושלים', 'איציק', '02-9685742', 'מזון', ''),
('ביובית "פעיל" שירותי ביוב', '02-6565777', 'רח'' רמה 19 , גבעת זאב', 'דרור', '505305757', 'כלי עבודה', ''),
('מחסן חנויות רשותי', '02-9685321', 'רח'' עם ועולמו 3', 'שמעון', '05287413', 'כלי עבודה', ''),
('מחסני חשמל', '09-6857451', 'רח'' התירוש 85', 'רבין', '0548734982', 'מוצרי חשמל', ''),
('עמנואל שלם', '02-9685471', 'רח'' החלוץ 9, ירושלים', 'יוסי', '0548973621', 'בניין', ''),
('קלור מוצרי נקיון', '029685741', 'רח'' האודם 251, ירושלים', 'רוני', '0528741396', 'מוצרי ניקוי', ''),
('קרביץ', '02-6985471', 'רח'' בית הדפוס, ירושלים', 'מנחם', '02-5871413', 'מכשירי כתיבה', '');

-- --------------------------------------------------------

--
-- Table structure for table `user`
--

CREATE TABLE IF NOT EXISTS `user` (
  `id` int(255) NOT NULL,
  `username` varchar(255) NOT NULL,
  `password` varchar(255) DEFAULT NULL,
  `auth_key` varchar(255) DEFAULT NULL,
  `created_at` int(11) DEFAULT NULL,
  `updated_at` int(11) DEFAULT NULL,
  `created_by` int(11) DEFAULT NULL,
  `updated_by` int(11) DEFAULT NULL
) ENGINE=InnoDB DEFAULT CHARSET=utf8;

--
-- Dumping data for table `user`
--

INSERT INTO `user` (`id`, `username`, `password`, `auth_key`, `created_at`, `updated_at`, `created_by`, `updated_by`) VALUES
(222995244, 'maa', '$2y$13$.nHE37LzRqScMh9gi9fle.UzM6YlyEC6aMLhC1vxU0b8GcijycXGu', 'z7N_hl-EJXQdDjArGMo1vx10uH7OWbMf', 1494877217, 1494877217, 300972973, 300972973),
(300972973, 'liad', '$2y$13$tKpawvPbWXPi4vM.ZgJWLOjlWeT.30/GQg8WR22gwtpZ/DBLNhcrK', 'F_iGL7dtHW-SYAitZYVEc_Bwt948Gugu', 1478550154, 1488472774, 203548746, 56222323),
(300972974, 'eli', '$2y$13$OvxlDuSkgZQBcMxTC2vGBeOFiq1sNoqLW1.KpIFURY6pa4LrRtKQ.', '2jxGwMAakGq_BFCc_HEln325MgX9T3fy', 1494877013, 1494877013, 300972973, 300972973);

-- --------------------------------------------------------

--
-- Table structure for table `visitors`
--

CREATE TABLE IF NOT EXISTS `visitors` (
  `date` date NOT NULL,
  `day` varchar(255) NOT NULL,
  `cash_desk_784` int(255) NOT NULL,
  `cash_desk_782` int(255) NOT NULL,
  `store` int(255) NOT NULL
) ENGINE=InnoDB DEFAULT CHARSET=utf8mb4;

--
-- Dumping data for table `visitors`
--

INSERT INTO `visitors` (`date`, `day`, `cash_desk_784`, `cash_desk_782`, `store`) VALUES
('2012-01-01', 'שני', 154, 11, 11),
('2012-02-01', 'שלישי', 374, 25, 522),
('2012-03-01', 'שלישי', 963, 36, 25),
('2012-04-01', 'ראשון', 478, 22, 36),
('2012-05-01', 'שלישי', 524, 36, 55),
('2012-06-01', 'שישי', 341, 50, 46),
('2012-07-01', 'שני', 412, 20, 15),
('2012-08-01', 'שלישי', 524, 63, 21),
('2012-09-01', 'ראשון', 712, 32, 20),
('2012-10-01', 'שלישי', 256, 63, 52),
('2012-11-01', 'רביעי', 654, 244, 63),
('2012-12-01', 'ראשון', 624, 52, 63),
('2013-01-01', 'שני', 547, 63, 58),
('2013-02-01', 'חמישי', 2541, 21, 25),
('2013-03-01', 'שבת', 4785, 63, 85),
('2013-04-01', 'שני', 589, 21, 3),
('2015-01-01', 'שני', 20, 632, 22),
('2015-01-02', 'ראשון', 65, 96, 21),
('2015-01-03', 'שבת', 63, 521, 632),
('2015-01-04', 'ראשון', 632, 520, 632),
('2015-01-05', 'שני', 254, 35, 62),
('2015-01-06', 'שני', 87, 100, 40),
('2015-01-07', 'שני', 150, 12, 13),
('2015-01-08', 'שלישי', 256, 36, 25),
('2015-02-01', 'ראשון', 692, 526, 32),
('2015-03-01', 'ראשון', 285, 36, 14),
('2015-04-01', 'ראשון', 252, 50, 36),
('2015-05-01', 'ראשון', 360, 47, 14),
('2015-06-01', 'שני', 36, 870, 24),
('2015-07-01', 'רביעי', 69, 420, 36),
('2015-08-01', 'שלישי', 69, 150, 32),
('2015-09-01', 'שלישי', 360, 44, 41),
('2015-10-01', 'חמישי', 320, 47, 53),
('2015-11-01', 'ראשון', 630, 21, 32),
('2015-12-01', 'שלישי', 320, 21, 32);

--
-- Indexes for dumped tables
--

--
-- Indexes for table `armed`
--
ALTER TABLE `armed`
 ADD PRIMARY KEY (`id`);

--
-- Indexes for table `auth_assignment`
--
ALTER TABLE `auth_assignment`
 ADD PRIMARY KEY (`item_name`,`user_id`);

--
-- Indexes for table `auth_item`
--
ALTER TABLE `auth_item`
 ADD PRIMARY KEY (`name`), ADD KEY `rule_name` (`rule_name`), ADD KEY `idx-auth_item-type` (`type`);

--
-- Indexes for table `auth_item_child`
--
ALTER TABLE `auth_item_child`
 ADD PRIMARY KEY (`parent`,`child`), ADD KEY `child` (`child`);

--
-- Indexes for table `auth_rule`
--
ALTER TABLE `auth_rule`
 ADD PRIMARY KEY (`name`);

--
-- Indexes for table `bstatus`
--
ALTER TABLE `bstatus`
 ADD PRIMARY KEY (`id`);

--
-- Indexes for table `buroc`
--
ALTER TABLE `buroc`
 ADD PRIMARY KEY (`subject`), ADD KEY `status` (`bstatus`);

--
-- Indexes for table `emails`
--
ALTER TABLE `emails`
 ADD PRIMARY KEY (`id`);

--
-- Indexes for table `employees`
--
ALTER TABLE `employees`
 ADD PRIMARY KEY (`id`), ADD KEY `role` (`role`), ADD KEY `armed` (`armed`), ADD KEY `Percent_of_jobs` (`Percent_of_jobs`);

--
-- Indexes for table `events`
--
ALTER TABLE `events`
 ADD PRIMARY KEY (`id`);

--
-- Indexes for table `flag`
--
ALTER TABLE `flag`
 ADD PRIMARY KEY (`id`);

--
-- Indexes for table `image_manager`
--
ALTER TABLE `image_manager`
 ADD PRIMARY KEY (`id`);

--
-- Indexes for table `invitations`
--
ALTER TABLE `invitations`
 ADD PRIMARY KEY (`item_name`,`supplier_name`);

--
-- Indexes for table `item`
--
ALTER TABLE `item`
 ADD PRIMARY KEY (`item_name`);

--
-- Indexes for table `messages`
--
ALTER TABLE `messages`
 ADD PRIMARY KEY (`id`);

--
-- Indexes for table `migration`
--
ALTER TABLE `migration`
 ADD PRIMARY KEY (`version`);

--
-- Indexes for table `percent_of_jobs`
--
ALTER TABLE `percent_of_jobs`
 ADD PRIMARY KEY (`id`);

--
-- Indexes for table `projects`
--
ALTER TABLE `projects`
 ADD PRIMARY KEY (`id`), ADD KEY `employee` (`employee`), ADD KEY `employee_2` (`employee`), ADD KEY `employee_3` (`employee`);

--
-- Indexes for table `revenues`
--
ALTER TABLE `revenues`
 ADD PRIMARY KEY (`date`);

--
-- Indexes for table `role`
--
ALTER TABLE `role`
 ADD PRIMARY KEY (`id`);

--
-- Indexes for table `schedual`
--
ALTER TABLE `schedual`
 ADD PRIMARY KEY (`id`);

--
-- Indexes for table `sms`
--
ALTER TABLE `sms`
 ADD PRIMARY KEY (`id`);

--
-- Indexes for table `subscribers`
--
ALTER TABLE `subscribers`
 ADD PRIMARY KEY (`date`);

--
-- Indexes for table `summaryday`
--
ALTER TABLE `summaryday`
 ADD PRIMARY KEY (`date`);

--
-- Indexes for table `suppliers`
--
ALTER TABLE `suppliers`
 ADD PRIMARY KEY (`supplier_name`), ADD UNIQUE KEY `supplier_name` (`supplier_name`);

--
-- Indexes for table `user`
--
ALTER TABLE `user`
 ADD PRIMARY KEY (`id`), ADD KEY `id` (`id`);

--
-- Indexes for table `visitors`
--
ALTER TABLE `visitors`
 ADD PRIMARY KEY (`date`);

--
-- AUTO_INCREMENT for dumped tables
--

--
-- AUTO_INCREMENT for table `emails`
--
ALTER TABLE `emails`
MODIFY `id` int(11) NOT NULL AUTO_INCREMENT,AUTO_INCREMENT=23;
--
-- AUTO_INCREMENT for table `flag`
--
ALTER TABLE `flag`
MODIFY `id` int(11) NOT NULL AUTO_INCREMENT;
--
-- AUTO_INCREMENT for table `image_manager`
--
ALTER TABLE `image_manager`
MODIFY `id` int(100) NOT NULL AUTO_INCREMENT,AUTO_INCREMENT=8;
--
-- AUTO_INCREMENT for table `messages`
--
ALTER TABLE `messages`
MODIFY `id` int(11) NOT NULL AUTO_INCREMENT,AUTO_INCREMENT=5;
--
-- AUTO_INCREMENT for table `projects`
--
ALTER TABLE `projects`
MODIFY `id` int(10) NOT NULL AUTO_INCREMENT,AUTO_INCREMENT=20;
--
-- AUTO_INCREMENT for table `schedual`
--
ALTER TABLE `schedual`
MODIFY `id` int(100) NOT NULL AUTO_INCREMENT,AUTO_INCREMENT=66;
--
-- AUTO_INCREMENT for table `sms`
--
ALTER TABLE `sms`
MODIFY `id` int(100) NOT NULL AUTO_INCREMENT,AUTO_INCREMENT=2;
--
-- Constraints for dumped tables
--

--
-- Constraints for table `auth_assignment`
--
ALTER TABLE `auth_assignment`
ADD CONSTRAINT `auth_assignment_ibfk_1` FOREIGN KEY (`item_name`) REFERENCES `auth_item` (`name`) ON DELETE CASCADE ON UPDATE CASCADE;

--
-- Constraints for table `auth_item`
--
ALTER TABLE `auth_item`
ADD CONSTRAINT `auth_item_ibfk_1` FOREIGN KEY (`rule_name`) REFERENCES `auth_rule` (`name`) ON DELETE SET NULL ON UPDATE CASCADE;

--
-- Constraints for table `auth_item_child`
--
ALTER TABLE `auth_item_child`
ADD CONSTRAINT `auth_item_child_ibfk_1` FOREIGN KEY (`parent`) REFERENCES `auth_item` (`name`) ON DELETE CASCADE ON UPDATE CASCADE,
ADD CONSTRAINT `auth_item_child_ibfk_2` FOREIGN KEY (`child`) REFERENCES `auth_item` (`name`) ON DELETE CASCADE ON UPDATE CASCADE;

--
-- Constraints for table `buroc`
--
ALTER TABLE `buroc`
ADD CONSTRAINT `bstatus` FOREIGN KEY (`bstatus`) REFERENCES `bstatus` (`id`) ON DELETE CASCADE ON UPDATE CASCADE;

--
-- Constraints for table `employees`
--
ALTER TABLE `employees`
ADD CONSTRAINT `Percent_of_jobs` FOREIGN KEY (`Percent_of_jobs`) REFERENCES `percent_of_jobs` (`id`) ON DELETE CASCADE ON UPDATE CASCADE,
ADD CONSTRAINT `armed` FOREIGN KEY (`armed`) REFERENCES `armed` (`id`) ON DELETE CASCADE ON UPDATE CASCADE,
ADD CONSTRAINT `role` FOREIGN KEY (`role`) REFERENCES `role` (`id`) ON DELETE CASCADE ON UPDATE CASCADE;

/*!40101 SET CHARACTER_SET_CLIENT=@OLD_CHARACTER_SET_CLIENT */;
/*!40101 SET CHARACTER_SET_RESULTS=@OLD_CHARACTER_SET_RESULTS */;
/*!40101 SET COLLATION_CONNECTION=@OLD_COLLATION_CONNECTION */;
